subject,noise,G,FCD_var
sub-0001,0.0433333332,2.0425,0.0133176288214583
sub-0002,0.0388888888,1.9975,0.0148426393420568
